{
  "best_params": {
    "n_estimators": 397,
    "max_depth": 7,
    "learning_rate": 0.016702763743695864,
    "subsample": 0.7296958379570965,
    "colsample_bytree": 0.5974239652019498,
    "min_child_samples": 12,
    "reg_alpha": 4.149437193755112e-05,
    "reg_lambda": 1.3876043231022834e-06,
    "num_leaves": 24
  },
  "val_mape": 5.610618781511589,
  "test_mape": 4.49709018764782
}