{
  "best_params": {
    "n_estimators": 498,
    "max_depth": 7,
    "learning_rate": 0.02932007478375346,
    "subsample": 0.7737275562958437,
    "colsample_bytree": 0.7298643713020722,
    "min_child_samples": 10,
    "reg_alpha": 7.652887347130615e-07,
    "reg_lambda": 3.8380763485424855e-06,
    "num_leaves": 103
  },
  "val_mape": 4.187125706294968,
  "test_mape": 4.064649585700104
}