model,airport,horizon,mae,rmse,mape,bias,mase
LightGBM_Recursive,FR_LFLL,11,39469.63883770514,45359.946318523005,4.452844256274808,37188.10671642322,0.0
LightGBM_Recursive,FR_LFRS,11,32039.59353958155,39901.76168393573,5.563852391311039,-8069.8233347011055,0.0
LightGBM_Recursive,HU_LHBP,15,89181.76271426646,130115.99666494172,6.200998834591787,55696.67987767047,0.0
LightGBM_Recursive,PT_LPPT,12,94981.79524952709,113098.95287437922,3.0364354375432256,-64523.87464348079,0.0
LightGBM_Recursive,PT_LPPR,12,42941.06446089986,52317.31530243259,3.159222912893845,25392.762817759834,0.0
LightGBM_Recursive,RS_LYBE,12,32215.846021304442,39741.704331409965,4.228419820893736,-14358.741950335805,0.0
