model,airport,horizon,mae,rmse,mape
LightGBM_Recursive,FR_LFLL,11,30859.184404132156,33146.89243723611,3.4709989644121446
LightGBM_Recursive,FR_LFRS,11,24592.971548623278,30681.031145853092,4.4088241396938646
LightGBM_Recursive,HU_LHBP,15,168208.12852682962,210724.43606036576,10.804687190011029
LightGBM_Recursive,PT_LPPT,12,114404.91408960412,128561.66478732752,3.918786270450915
LightGBM_Recursive,PT_LPPR,12,283904.61860787636,399868.42378366826,20.613390229664454
LightGBM_Recursive,RS_LYBE,12,33855.878143858325,38640.47247957659,4.511678783906942
